Id,BIRTHDATE,DEATHDATE,SSN,DRIVERS,PASSPORT,PREFIX,FIRST,MIDDLE,LAST,SUFFIX,MAIDEN,MARITAL,RACE,ETHNICITY,GENDER,BIRTHPLACE,ADDRESS,CITY,STATE,COUNTY,FIPS,ZIP,LAT,LON,HEALTHCARE_EXPENSES,HEALTHCARE_COVERAGE,INCOME
e00de307-5089-e563-dc50-d0e8d54a98c3,1990-03-15,,999-13-6213,S99940592,X44051100X,Mr.,Shane235,Samual455,Nitzsche158,,,S,white,nonhispanic,M,Bridgewater  Massachusetts  US,366 Murray Lock Apt 36,Springfield,Massachusetts,Hampden County,25013,01105,42.0169957846788,-72.52015078298611,445966.46,301564.67,48062
46170e76-216f-0adf-f9f4-32c137b95963,2024-02-25,,999-80-2430,,,,Karl184,Shawn523,Wisoky380,,,,white,nonhispanic,M,Boston  Massachusetts  US,282 Lebsack Road,Boston,Massachusetts,Suffolk County,25025,02131,42.30539632109532,-71.1920314597395,11219.94,2987.40,104175
1982dbc4-3737-a158-9abb-d4eb23c6a24e,1963-07-05,,999-69-1589,S99960689,X28612499X,Mr.,Michal596,,Ruecker817,,,M,white,nonhispanic,M,Winthrop  Massachusetts  US,483 Cartwright Flat,Boston,Massachusetts,Suffolk County,25025,02130,42.288788131311996,-71.11042590038346,219252.90,38878.05,162318
1b38f180-9115-6866-146e-2b9217ac1677,1986-01-24,,999-16-9001,S99935123,X24368046X,Mr.,Jorge203,Loren192,Kemmer137,,,S,white,nonhispanic,M,Lowell  Massachusetts  US,480 MacGyver Course Suite 2,Braintree,Massachusetts,Norfolk County,25021,02184,42.20246267209199,-70.95702906551737,5929.21,167196.86,17302
fc283f7c-07a7-2363-5ac4-999289e5dc8e,2025-03-23,,999-50-2097,,,,Elenore794,Annamae625,Tillman293,,,,white,nonhispanic,F,Westminster  Massachusetts  US,471 Halvorson Fork,Dedham,Massachusetts,Norfolk County,25021,02090,42.21222030621619,-71.14377453230247,17924.18,19107.58,123973
7f8299e1-7753-2958-9faa-0cfc9c14cb8c,2017-05-12,,999-37-6324,,,,Lauren941,,Robel940,,,,white,nonhispanic,M,Toulouse  Occitanie  FR,298 Wisoky Gate Unit 6,Cambridge,Massachusetts,Middlesex County,25017,02140,42.39860638966921,-71.17895080465448,12036.34,9232.66,184290
131abf1b-f3b7-9ba5-66ed-475b0bd7d258,1989-09-12,,999-43-6692,S99994516,X65546194X,Mr.,Lazaro919,Vaughn909,Jakubowski832,,,D,white,nonhispanic,M,Boston  Massachusetts  US,961 Casper Vista Suite 38,Orange,Massachusetts,Franklin County,25011,01364,42.58911076875716,-72.26031488234257,96175.97,15020.89,84109
604dd6a2-4ba8-49a5-51a5-147567851e9a,2005-04-07,,999-63-9168,S99928307,X19781326X,Mr.,Duane703,,Kassulke119,,,,white,nonhispanic,M,Boston  Massachusetts  US,717 Skiles Key Suite 89,Leominster,Massachusetts,Worcester County,25027,01453,42.56584504096604,-71.7200775574398,47896.56,6279.97,41630
4d6b5d8f-9b5f-b587-a3f7-e2938b162093,2005-03-26,,999-30-3039,S99938760,X27902668X,Mr.,Micah422,,Zemlak964,,,,white,nonhispanic,M,Marlborough  Massachusetts  US,645 Zieme Overpass Apt 16,Tewksbury,Massachusetts,Middlesex County,,00000,42.63764276070679,-71.23721577081116,30769.02,26656.86,526069
3f3c9bf1-bc78-12e7-9f25-ceb9e2db1d45,2014-08-07,,999-27-4351,,,,Sook872,Lanelle105,Sawayn19,,,,white,nonhispanic,F,Douglas  Massachusetts  US,591 Von Walk,Quincy,Massachusetts,Norfolk County,25021,02169,42.248219000518084,-71.1039719896882,28828.52,571.11,78892
08d2517d-9880-6a16-eb34-e10bea7ad9b5,1996-01-24,,999-51-9248,S99953728,X66233825X,Mrs.,Laquita685,Shawn523,Leffler128,,Jenkins714,M,black,nonhispanic,F,Upton  Massachusetts  US,455 Stamm Parade,Fitchburg,Massachusetts,Worcester County,25027,01420,42.61069325996962,-71.84587772248614,121549.61,395080.12,31645
b3de85df-4b01-3fcc-24cc-05f638365074,2004-07-24,,999-97-2068,S99956310,X17732892X,Ms.,Coralie787,,Will178,,,,white,nonhispanic,F,Ludlow  Massachusetts  US,744 Mayert Street Unit 50,Lancaster,Massachusetts,Worcester County,,00000,42.46571400616107,-71.64528073115315,125037.96,807472.88,169018
97d6d043-8d43-cc06-d485-e2d1c2109048,2018-08-05,,999-51-7205,,,,Muoi890,Josefina523,Metz686,,,,white,nonhispanic,F,Montague  Massachusetts  US,717 Douglas Bridge,Somerville,Massachusetts,Middlesex County,25017,02138,42.41314985993066,-71.13560296494695,10395.72,8101.91,105525
1da48a82-d5e9-3bfe-4529-adec23f20a31,2024-06-15,,999-55-4459,,,,Theda286,Shonta375,McCullough561,,,,white,nonhispanic,F,Boston  Massachusetts  US,216 Wolf Lock,Worcester,Massachusetts,Worcester County,25027,01583,42.221516641440125,-71.81089844492399,8118.05,0.00,103620
0f164897-ad85-29db-93b8-428b741ad9b7,2021-12-09,,999-63-8809,,,,Yen770,Troy560,Greenholt190,,,,white,nonhispanic,F,Cambridge  Massachusetts  US,309 Crist Estate,Brookline,Massachusetts,Norfolk County,25025,02215,42.321397645934724,-71.1298882722489,10836.87,0.00,62662
9c7a2245-91ca-9100-fcb8-ce6dc963e920,2003-01-16,,999-68-5379,S99980096,X58165714X,Ms.,Vergie176,Valorie864,Murray856,,,,white,nonhispanic,F,Quincy  Massachusetts  US,568 Lang Divide Apt 22,Williamsburg,Massachusetts,Hampshire County,,00000,42.45181717829859,-72.76364253993047,53494.91,16844.73,55196
5bf2d300-4dea-c43a-3e8b-5411ad3434fe,2008-09-17,,999-32-4224,S99923483,,,Tommy814,Merrill415,Rohan584,,,,white,nonhispanic,M,Boston  Massachusetts  US,167 D'Amore Quay Suite 45,Marshfield,Massachusetts,Plymouth County,25023,02050,42.11531766829893,-70.74284666830263,45069.24,89499.73,59619
148a7eaf-2baa-f841-8018-a42fa791ae72,1967-01-06,,999-13-1479,S99988958,X87809509X,Mrs.,Harmony242,,Baumbach677,,Bechtelar572,D,white,nonhispanic,F,Boylston  Massachusetts  US,807 MacGyver Passage,South Duxbury,Massachusetts,Plymouth County,,00000,41.9737752306568,-70.70289226434822,131999.48,326577.60,186990
c485433a-15d8-24bc-653d-795ba7a4a2fd,1957-02-09,,999-46-6818,S99949992,X47834650X,Mrs.,Chandra831,Digna973,Bernhard322,,Lemke654,M,white,nonhispanic,F,Cambridge  Massachusetts  US,999 Harber Tunnel Suite 4,Cambridge,Massachusetts,Middlesex County,25017,02472,42.35391166132304,-71.06703837190197,1540517.76,1000955.11,109903
09ae7f21-d55e-8b05-cd0c-f28ede8d6eae,1997-08-06,,999-95-5210,S99990034,X71771211X,Ms.,Hermina428,Contessa946,Torphy630,,,S,white,nonhispanic,F,Worcester  Massachusetts  US,778 Balistreri Bridge,Weston,Massachusetts,Middlesex County,,00000,42.370095407600935,-71.27322749487342,85658.98,34893.70,127571
f6341823-c0b9-4c5a-ab5d-e191e53e369d,1976-09-23,,999-94-8594,S99920497,X87842967X,Mr.,Gene733,Jared66,Stroman228,,,M,white,nonhispanic,M,Boston  Massachusetts  US,569 Macejkovic Spur,Lancaster,Massachusetts,Worcester County,,00000,42.49044874811977,-71.69510365152995,7376.11,98410.56,16372
70131a82-c7fa-05dc-d0d8-fbde34ba76fc,1980-04-05,,999-15-9100,S99916798,X79277408X,Mrs.,Yu876,Alysia661,Terry864,,Kertzmann286,D,white,nonhispanic,F,Lexington  Massachusetts  US,871 Hyatt Alley,Orange,Massachusetts,Franklin County,25011,01364,42.56595259463809,-72.24255938196801,247298.21,642460.33,75634
e4f1d916-bb77-7da1-4ef5-babc44831fe1,2013-12-23,,999-84-8951,,,,Dong972,Trinidad33,Muller251,,,,white,nonhispanic,M,Pepperell  Massachusetts  US,372 Leannon Landing,Natick,Massachusetts,Middlesex County,,00000,42.321374882964584,-71.339910764494,2791.72,53629.19,26102
fb308ee8-3cd8-52b7-50cd-2701fa11e89a,2021-07-15,,999-49-5077,,,,Donald774,Chauncey770,Rice937,,,,asian,nonhispanic,M,Medford  Massachusetts  US,304 Cormier Dale,Wilmington,Massachusetts,Middlesex County,25017,01887,42.5769856058141,-71.18149382124908,13193.39,23613.46,43045
a25e5643-30c1-fae9-5f8d-28da3672e490,1976-03-14,,999-33-1869,S99993540,X77457279X,Mrs.,Shannon293,Shandi937,Barrows492,,Konopelski743,D,white,nonhispanic,F,Frankfurt  Hesse  DE,185 Blick Trail Unit 25,Waltham,Massachusetts,Middlesex County,25017,02452,42.394951553182736,-71.19712027874314,591171.28,217047.55,88336
edfc307e-c5b2-73c8-f4ec-44af1d9574ab,1960-05-20,,999-10-5907,S99936729,X82959957X,Mrs.,Carey440,Donnette259,Halvorson124,,Hermiston71,M,asian,nonhispanic,F,Raynham  Massachusetts  US,876 Schuppe Approach Apt 2,Northampton,Massachusetts,Hampshire County,25015,01053,42.352661047231166,-72.70024792846152,582145.18,318328.28,79988
5c9e07c7-1634-5702-a514-8ee8e12323ce,1990-05-01,,999-63-8340,S99974515,X38240610X,Mr.,Rolf983,Buster609,Breitenberg711,,,S,white,nonhispanic,M,Franklin  Massachusetts  US,231 Swaniawski Passage Apt 96,Cambridge,Massachusetts,Middlesex County,25017,02472,42.33180757200088,-71.04351008362022,67895.33,6912.72,27078
06eeaae0-e509-5328-1779-af02584d633a,1983-07-21,,999-85-3016,S99958672,X68608020X,Mr.,Tad831,Lee268,Goldner995,,,M,white,nonhispanic,M,Boston  Massachusetts  US,947 Gutmann Street Suite 16,Plymouth,Massachusetts,Plymouth County,25023,02360,41.91909977703352,-70.63993698404398,34829.07,727684.44,71424
9c416039-a89d-f0c1-8a6d-dfa6a320ad93,1999-05-25,,999-49-2121,S99953459,X34111632X,Ms.,Dodie685,Tanesha560,Stark857,,,,white,hispanic,F,Randolph  Massachusetts  US,122 Hoeger Trafficway,Boston,Massachusetts,Suffolk County,25025,02116,42.32095597944863,-71.01543685940244,60872.19,60278.61,46121
2097ebf9-05c0-8cfd-b5ff-3c9d1b106378,2006-04-14,,999-43-9580,S99979562,X27088015X,Ms.,Lorena247,Marta91,Magaña874,,,,white,hispanic,F,Lima  Lima Province  PE,795 Sauer Gate Unit 64,Westborough,Massachusetts,Worcester County,25027,01581,42.30460674667564,-71.65921372082005,105745.51,672239.73,138635
adcf84c4-2011-8c74-5190-101d2bffec10,1969-03-27,,999-73-1305,S99936009,X67190436X,Mr.,Burt293,Ulysses632,Bode78,,,S,white,nonhispanic,M,Lexington  Massachusetts  US,747 Heathcote Walk,Framingham,Massachusetts,Middlesex County,25017,01701,42.28070390613327,-71.39603636288992,156434.28,16568.04,96901
40c01829-52c2-5ce5-b6af-0e7b7d22e423,1992-04-22,,999-81-8387,S99933110,X61051889X,Mr.,Lindsey52,,Blick895,,,M,white,nonhispanic,M,Kingston  Massachusetts  US,601 Dietrich Lane Suite 69,Waltham,Massachusetts,Middlesex County,25017,02452,42.44061492156071,-71.29356474716192,92903.41,3012.23,488192
e873253b-530b-34f6-13b5-3c3703510848,1946-05-18,2001-06-23,999-71-5208,S99939381,X51438641X,Ms.,Dakota806,Tamie596,Wunsch504,,,S,white,nonhispanic,F,Walpole  Massachusetts  US,250 Wehner Orchard,Berlin,Massachusetts,Worcester County,,00000,42.42529513442626,-71.65123794642554,446736.60,635819.26,38931
b35d44fd-9d97-aacb-0502-3b7b660db713,1963-10-21,,999-30-7618,S99957609,X58862167X,Mr.,Jarrod316,Mickey576,Beatty507,,,S,white,nonhispanic,M,Lawrence  Massachusetts  US,367 Waters Skyway Apt 64,West Newbury,Massachusetts,Essex County,,00000,42.758856073068294,-70.94099274276803,575781.51,287563.42,89376
990ec48d-9bd5-0557-8cb7-fe991ada3746,2005-11-23,,999-71-7023,S99970799,X6115560X,Ms.,Anastasia959,,Weber641,,,,white,nonhispanic,F,Waltham  Massachusetts  US,861 Renner Underpass Unit 52,Leominster,Massachusetts,Worcester County,25027,01420,42.50346470754295,-71.80909537659403,4777.32,214128.34,6584
990e63a5-02de-2d7a-6e11-b46ae21069a6,2024-11-23,,999-44-2835,,,,Son314,Mauricio81,Dickens475,,,,white,nonhispanic,M,Belchertown  Massachusetts  US,681 Predovic Station,Boston,Massachusetts,Suffolk County,25025,02215,42.38905883529016,-71.11211861209037,3692.06,3104.23,57433
dc9b65d9-7723-3bb9-fb8e-78e81d33d548,1999-03-31,,999-78-3412,S99950652,X26456625X,Ms.,Débora815,,Amador986,,,,white,hispanic,F,San Salvador  El Salvador  SV,956 Kertzmann Forge,Fall River,Massachusetts,Bristol County,25005,02747,41.725473143471866,-71.09252053138509,9854.25,548203.08,7645
9b71986f-3b05-9b6a-8ac9-b03419c422b1,1980-03-09,,999-50-5638,S99959402,X9300817X,Mrs.,Mathilde204,Alethea978,Hammes673,,Crooks415,M,white,nonhispanic,F,Grafton  Massachusetts  US,651 Metz Alley,New Bedford,Massachusetts,Bristol County,25005,02746,41.68038026964969,-70.92139589401675,983800.47,531072.60,71213
715ee363-cf40-27bd-0a0f-0eb55ca52eec,1969-02-03,,999-11-7281,S99914077,X81252552X,Mrs.,Retha410,Zola306,Glover433,,DuBuque211,D,white,nonhispanic,F,Boston  Massachusetts  US,212 Durgan Tunnel,Stoughton,Massachusetts,Norfolk County,,00000,42.14311917833634,-71.11503572099289,279727.38,503546.48,135755
468a7358-a6df-a365-c6b5-fb1c368e0d89,1989-05-07,,999-13-9682,S99948054,X78869943X,Mrs.,Lovie151,Kazuko67,Spinka232,,Bartell116,M,white,nonhispanic,F,Worcester  Massachusetts  US,622 Hoppe View Unit 64,Waltham,Massachusetts,Middlesex County,25017,02453,42.41647029808905,-71.23279995377985,175622.48,322912.44,40158
7e416d98-35ee-1018-4855-9ea3c9d76f4b,1946-05-18,,999-59-6918,S99925820,X72367219X,Mrs.,Louetta798,Kasha638,Abbott774,,Thompson596,M,white,nonhispanic,F,Worcester  Massachusetts  US,711 Willms Byway,Berlin,Massachusetts,Worcester County,,00000,42.37244650791752,-71.63625649432723,627239.70,253295.77,38931
676487e9-3fab-c918-837e-1f60827078a9,2023-12-21,,999-38-1530,,,,Shirley182,Phillip440,Boyer713,,,,black,nonhispanic,M,Dracut  Massachusetts  US,227 Bins Wall,Princeton,Massachusetts,Worcester County,,00000,42.437776119058505,-71.84663998559327,4398.31,19325.34,655230
47d17598-f85a-4769-fe4f-06fdf4f46e8a,1976-02-27,,999-16-8045,S99964527,X7211908X,Mr.,Rusty501,Donn979,Thiel172,,,M,white,nonhispanic,M,Lynn  Massachusetts  US,670 Mitchell Skyway Unit 29,Franklin,Massachusetts,Norfolk County,25021,02038,42.068649463444366,-71.37104854518363,107813.88,5282.84,87943
fb93d77b-8050-4845-bc10-3d0ac8b7d240,1968-01-22,,999-87-4412,S99979371,X54442130X,Mr.,Brooks264,,Windler79,,,M,white,nonhispanic,M,Yarmouth  Massachusetts  US,869 Halvorson Hollow Apt 84,Weymouth,Massachusetts,Norfolk County,25021,02191,42.14483299908473,-70.99253696405825,128439.49,28717.00,160161
8e76c6c2-e37c-4132-d339-ecb5241d3f58,1976-03-21,,999-61-7295,S99929104,X24535377X,Ms.,Vannessa721,Latashia561,Nicolas769,,,S,white,nonhispanic,F,Wakefield  Massachusetts  US,390 Murray Camp Unit 85,Templeton,Massachusetts,Worcester County,,00000,42.536956450822615,-72.02846800217709,157587.79,513253.67,25022
c81bf9ac-b734-7790-e4ff-739c76b80a4c,2016-10-17,,999-51-5683,,,,Kenna183,Farrah946,Corwin846,,,,white,nonhispanic,F,Springfield  Massachusetts  US,119 Romaguera Club,Somerville,Massachusetts,Middlesex County,25017,02140,42.39696908675172,-71.13336411924497,16185.78,19845.63,145158
fe54ffbf-b7eb-0f05-137f-2dd954fde0ca,1953-12-07,,999-90-3566,S99998361,X45401602X,Mrs.,Lenora887,Elinore878,Okuneva707,,Corwin846,M,white,nonhispanic,F,Concord  Massachusetts  US,447 Lind Landing Suite 3,Arlington,Massachusetts,Middlesex County,25017,02476,42.4357440297408,-71.15656918397086,303431.97,139932.38,52631
a739fac8-6bad-6f6b-9856-59ff0b6bc412,1976-01-26,,999-24-9083,S99926975,X55152917X,Mrs.,Rosa195,Lyndia317,Ziemann98,,Bashirian201,M,white,nonhispanic,F,West Yarmouth  Massachusetts  US,205 Schneider Viaduct Suite 37,Bedford,Massachusetts,Middlesex County,25017,01730,42.52223407614596,-71.23334279121347,537337.06,96653.99,48417
a6a3f4f8-87d1-d349-9837-3b3e60c2d9a7,2022-09-13,,999-61-5136,,,,Li461,Herlinda751,Wilderman619,,,,white,nonhispanic,F,Agawam  Massachusetts  US,203 Fahey Approach,Hudson,Massachusetts,Middlesex County,25017,01749,42.43628051045834,-71.56729462028314,19571.58,2339.77,42440
411926b7-65cb-b4dc-6ea7-492caca21e51,1953-09-19,,999-74-7880,S99975435,X61906748X,Mr.,Manual570,Brooks264,Berge125,,,M,white,nonhispanic,M,Watertown  Massachusetts  US,207 Daniel Gate Unit 62,Westborough,Massachusetts,Worcester County,25027,01581,42.29698191405128,-71.58701620733943,119950.52,158052.76,87469
db8e6f28-978a-e3c0-3eff-0b8ca21890de,1971-06-26,,999-30-5226,S99915578,X34244643X,Mr.,Octavio643,Jere230,Sawayn19,,,D,white,nonhispanic,M,Melrose  Massachusetts  US,759 Legros Gardens Suite 22,Ashland,Massachusetts,Middlesex County,,00000,42.288858340126644,-71.46775782201166,116118.11,10111.01,57617
02d1b6af-b85e-62e6-fab0-71a31a9da427,2021-05-27,,999-75-6524,,,,Cathrine584,Herlinda751,Sanford861,,,,white,hispanic,F,Boston  Massachusetts  US,374 McKenzie Brook Suite 68,Boston,Massachusetts,Suffolk County,25025,02163,42.3840464037215,-71.07571473600522,8576.18,605.07,56692
bec077b5-9ac2-9ba2-c3e8-6377ebc72a49,1996-12-31,,999-39-7833,S99944264,X67146234X,Mrs.,Micaela928,Ana972,Calvillo618,,Palomo90,M,black,hispanic,F,San Jose  San Jose  CR,609 Rowe Trafficway,Boston,Massachusetts,Suffolk County,25025,02108,42.292866865380084,-71.0540664948934,32323.41,260636.49,24000
569b0346-fe7d-5e7c-d17b-bce8d29f270c,1970-06-11,,999-52-1230,S99961676,X39133796X,Mrs.,Lillian593,Jolene291,Bednar518,,Ebert178,M,asian,nonhispanic,F,Wrentham  Massachusetts  US,920 Aufderhar Glen,Brookline,Massachusetts,Norfolk County,25017,02467,42.32201794710986,-71.08722906304095,239758.39,946632.09,688911
a10368c7-0f6d-0a2c-16b8-1787bd0919ed,1970-04-23,2021-07-11,999-10-2543,S99953691,X88914542X,Ms.,Beverley336,Agatha2,Abshire638,,,S,white,hispanic,F,Holyoke  Massachusetts  US,276 Kiehn Glen,Hampden,Massachusetts,Hampden County,,00000,42.11091832811954,-72.38693334942894,399467.19,361020.60,63834
f6f7034c-a080-bdda-7ee8-6a644ae0df2d,1975-01-29,,999-92-8257,S99937828,X73480506X,Mr.,Leigh689,Chong355,Cronin387,,,M,white,nonhispanic,M,Taunton  Massachusetts  US,561 Bogan Green Apt 55,Lawrence,Massachusetts,Essex County,25009,01841,42.729953607185365,-71.11502082001005,130608.64,23024.35,61965
06edddac-4818-cb41-4454-ba954f0754f3,1965-05-04,,999-13-2051,S99934291,X71076917X,Mr.,Frederic454,Donnell534,Gleichner915,,,M,white,nonhispanic,M,Marblehead  Massachusetts  US,736 Balistreri Pathway Suite 31,Marlborough,Massachusetts,Middlesex County,25017,01752,42.31249787712975,-71.51030566877881,183447.68,0.00,60295
6374e706-1400-142a-78f7-6d08ec826d9e,1970-04-23,,999-74-4677,S99921157,X55189463X,Mrs.,Cristine925,Shaun461,Nicolas769,,Schmitt836,M,white,hispanic,F,Brookline  Massachusetts  US,309 Williamson Burg,Hampden,Massachusetts,Hampden County,,00000,42.041103964961565,-72.43001905033407,588006.99,417880.57,63834
c3960f4b-6d8f-2c18-c7e7-6ac2930ad613,1926-01-03,1983-04-17,999-52-4983,S99979078,X41395320X,Mr.,Germán350,,Estévez304,,,D,asian,hispanic,M,Havana  Havana  CU,845 Gulgowski Flat,Shirley,Massachusetts,Middlesex County,25017,01464,42.59551505769887,-71.64192700410103,149892.93,24569.29,38750
46f8ca4f-7aea-ff37-52b1-3143a6171f56,2002-10-28,,999-82-1068,S99974936,X71205295X,Ms.,Luci727,Lois157,Romaguera67,,,,white,nonhispanic,F,Boston  Massachusetts  US,878 Bins Gardens Unit 84,Kingston,Massachusetts,Plymouth County,25023,02364,41.97909815937315,-70.73802998952009,83358.16,271133.66,78778
8c318dde-defb-f00e-26f9-e4154d13de26,2012-05-23,,999-81-8496,,,,Aisha756,Drew592,Corkery305,,,,white,nonhispanic,F,East Longmeadow  Massachusetts  US,184 Daugherty Row,Haverhill,Massachusetts,Essex County,25009,01830,42.830771102488384,-71.09683515570318,16749.78,6751.55,54225
1b9b1829-15a7-c51a-7333-10dafe454a1d,1961-01-30,,999-80-6119,S99983425,X88642349X,Mr.,Terrance440,,Runte676,,,S,white,nonhispanic,M,Boston  Massachusetts  US,647 Wyman Course,New Bedford,Massachusetts,Bristol County,25005,02740,41.65284293869907,-70.90705488139474,275268.75,335713.72,38599
85fa23d4-48a5-8cef-dbdd-1f22829cb0e9,2004-06-24,,999-25-7517,S99922124,X66552332X,Ms.,Oliva247,Tracie996,Collins926,,,,white,nonhispanic,F,East Harwich  Massachusetts  US,816 Moen Quay Apt 63,Lowell,Massachusetts,Middlesex County,25017,01852,42.649843266284606,-71.27785000267619,99762.20,130391.73,137974
696cf4ce-0891-0117-7d3a-a377bc9f36bf,2005-04-18,,999-15-2971,S99911283,X4893726X,Mr.,Denver542,Kent912,Goyette777,,,,asian,nonhispanic,M,Brockton  Massachusetts  US,446 Gaylord Crossroad Unit 36,New Bedford,Massachusetts,Bristol County,25005,02747,41.58899583267375,-70.95902761471402,100961.19,571147.88,140569
389b5446-788e-1d03-bfa5-5b55eea1df2e,2019-08-03,,999-52-1165,,,,Tiny880,Rosio404,Cronin387,,,,white,nonhispanic,F,Monterey  Massachusetts  US,961 Erdman Quay,Quincy,Massachusetts,Norfolk County,25021,02170,42.26419597313573,-71.08567717031158,1402.55,22162.39,34824
e035c668-984b-05c6-8c4e-d4af36ddae68,2009-12-02,,999-27-5758,S99931931,,,Carolina179,Guadalupe206,Alarcón922,,,,white,hispanic,F,Marigot  Saint Andrew Parish  DM,676 Hammes Mill Suite 53,Cambridge,Massachusetts,Middlesex County,25017,02140,42.378781883281604,-71.13745408308164,42063.00,5572.42,951463
2b05b157-703c-d8ff-e6b5-676b21e1d285,1993-07-07,1996-01-05,999-88-7543,,,,Elvis145,Garland107,Hand679,,,,white,nonhispanic,M,Duxbury  Massachusetts  US,632 Torp Parade,Fall River,Massachusetts,Bristol County,25005,02747,41.753919756847885,-71.05393686498476,29656.34,10677.33,40507
23069c70-b186-b2a3-1b16-a6e69f27df34,1993-07-07,,999-79-9960,S99928760,X88050942X,Mr.,Darrick836,Harrison106,Schumm995,,,S,white,nonhispanic,M,Eastham  Massachusetts  US,1003 Schoen Tunnel Suite 48,Fall River,Massachusetts,Bristol County,25005,02790,41.71903459491981,-71.21565207916443,194828.01,15537.13,40507
380f7ed2-e6f0-8bb7-2433-de08b2b01844,1978-05-09,,999-28-5954,S99977703,X40537191X,Mr.,Cruz300,Granville802,Stoltenberg489,,,M,white,nonhispanic,M,Harvard  Massachusetts  US,488 Luettgen Arcade,Worcester,Massachusetts,Worcester County,25027,01607,42.414226181728665,-71.77209879682223,85920.54,45225.41,93154
40d30f7b-3f04-bd68-035b-3c16166e9268,2024-02-24,,999-53-7513,,,,Elliot577,Garfield38,White193,,,,white,nonhispanic,M,Palmer  Massachusetts  US,307 Schinner Divide,Sturbridge,Massachusetts,Worcester County,25027,01566,42.10611071588166,-71.97682139449992,6146.04,136.49,104145
da83a478-f91c-79cd-94a0-0e4d46459ba3,1971-09-27,,999-99-4084,S99960784,X79904829X,Mrs.,Tyler508,Vernon254,Runte676,,Erdman779,M,white,nonhispanic,F,Pittsfield  Massachusetts  US,884 Balistreri Row Apt 66,Cochituate,Massachusetts,Middlesex County,,00000,42.302350973121506,-71.30462658483047,31077.79,1301374.40,298285
94435ff2-84a5-5f3a-24c6-4c4e7d334b9d,2006-04-06,,999-82-4283,S99974846,X18252009X,Ms.,Melinda114,Maggie320,Trantow673,,,,white,nonhispanic,F,Lawrence  Massachusetts  US,210 Nitzsche Union Apt 93,Springfield,Massachusetts,Hampden County,25013,01118,42.0557503721523,-72.50928328213631,55780.79,9071.26,43737
87658d0c-ae5d-73eb-daf4-bbde32646aad,2011-08-31,,999-94-9286,,,,Bettye671,Dallas143,Rempel203,,,,white,nonhispanic,F,Saugus  Massachusetts  US,764 Fadel Wall,Canton,Massachusetts,Norfolk County,,00000,42.129476590204504,-71.0867571948248,53669.91,15381.47,38916
189c670c-2259-adca-18ac-c6af04054a95,2018-05-20,,999-59-8064,,,,Joe656,,Hammes673,,,,white,nonhispanic,M,Arlington  Massachusetts  US,253 D'Amore Fork Apt 11,Andover,Massachusetts,Essex County,25009,01810,42.63325166914697,-71.12829395130714,23027.55,4968.03,160687
4112fddc-44c8-b1ff-0c85-8dad82c6a9ee,1975-09-06,,999-59-6841,S99974078,X22966060X,Mr.,Esteban536,Mathew182,Wisoky380,,,M,black,nonhispanic,M,Tewksbury  Massachusetts  US,480 Kohler Ville Unit 91,Boston,Massachusetts,Suffolk County,25025,02110,42.27912978029706,-71.11975745543842,11377.71,173394.85,18130
aad87586-45ad-cfd3-af80-fa6e764fe4d6,1972-04-08,,999-31-4676,S99959595,X29884395X,Mrs.,Ashley34,Yesenia104,Schmidt332,,Gislason620,D,white,nonhispanic,F,Concord  Massachusetts  US,1069 Mertz Plaza Suite 27,Framingham,Massachusetts,Middlesex County,25017,01702,42.35427105269844,-71.4099447144394,363175.70,704296.31,27203
1a46514b-0d60-d139-a2e0-d5ab4ebe6f0d,1924-06-13,1979-02-14,999-68-3175,S99934345,X87669705X,Mrs.,Janyce124,Eldora89,Nicolas769,,Sipes176,M,white,nonhispanic,F,East Falmouth  Massachusetts  US,1037 Lehner Station,Brewster,Massachusetts,Barnstable County,25001,02631,41.78027716539718,-70.10563536317154,1204904.37,333960.46,77688
615fc905-2df4-2ea4-6aa1-26efa85618bc,1942-12-11,,999-51-8816,S99952415,X44197324X,Mr.,Leroy603,Ivory697,Johns824,,,M,white,hispanic,M,Milton  Massachusetts  US,228 Kiehn Boulevard,Boston,Massachusetts,Suffolk County,25025,02108,42.33427150222171,-71.09236077145509,79932.57,301161.41,474052
fff228b5-a185-d09b-e3b6-be336d0f3f7e,1926-05-02,2012-12-14,999-36-6681,S99955097,X65683188X,Mrs.,Clarisa227,Annalee788,Hettinger594,,Rodriguez71,M,asian,nonhispanic,F,Beijing  Beijing Municipality  CN,651 Turner Brook,Medford,Massachusetts,Middlesex County,25017,02145,42.4495953732896,-71.0830030699683,1092733.14,226125.92,109574
b9fa972e-03ae-3035-a277-352aa31d5515,1926-05-02,,999-40-1316,S99962929,X57143741X,Mrs.,Avelina400,Tracey100,Okuneva707,,Kshlerin58,D,asian,nonhispanic,F,Macau  Macao Special Administrative Region of the People's Republic of China  CN,829 Steuber Track,Medford,Massachusetts,Middlesex County,25017,02145,42.39524561713015,-71.08990737965537,545516.35,265002.21,109574
5025ef31-ec57-e6ce-8bf2-99af5664fbda,1967-12-19,,999-36-9322,S99993931,X24744614X,Mr.,Kirk871,Zack583,Kunde533,,,M,white,nonhispanic,M,Marlborough  Massachusetts  US,723 Wehner Divide,Malden,Massachusetts,Middlesex County,25017,02148,42.47168970107175,-71.15322802957292,270849.24,731186.68,103294
24fc727d-450e-4be7-4b2a-ea9da631b376,1981-03-11,,999-38-7721,S99973710,X89444622X,Mr.,Kent912,,Schultz619,,,D,white,nonhispanic,M,Athol  Massachusetts  US,515 Haley Rapid,Newton,Massachusetts,Middlesex County,25017,02459,42.285386333836584,-71.21753383668512,84057.17,13177.52,231003
40d3a667-db44-fdc4-2782-db9fb0fa3a81,2015-06-13,,999-43-2316,,,,Diamond340,,Kling921,,,,white,nonhispanic,F,Haverhill  Massachusetts  US,1011 Murazik Esplanade,Norwood,Massachusetts,Norfolk County,25021,02062,42.20484229849247,-71.15249376444723,31495.12,6427.55,919793
e601e358-a147-cfae-2464-543b2dd7d63c,2010-10-24,,999-93-8229,,,,Asley870,Cassaundra447,Raynor401,,,,white,nonhispanic,F,Fall River  Massachusetts  US,1005 Block Light Suite 94,Fall River,Massachusetts,Bristol County,25005,02721,41.69913631877722,-71.08569140168987,79149.69,0.00,54534
0350fdd6-a889-0075-ddf7-bdfdf9bb9397,1968-02-16,,999-23-5357,S99999721,X67827559X,Mrs.,Chantel847,Dreama246,Smith67,,Nienow652,M,white,nonhispanic,F,Dracut  Massachusetts  US,858 Gerhold Route,Hopedale,Massachusetts,Worcester County,25027,01747,42.1637711232924,-71.50491771430511,335821.21,565842.68,135440
0cde89d0-f25a-f8da-3c0f-7db3a003d1bb,2018-01-23,,999-92-1449,,,,Tony646,,Dach178,,,,black,nonhispanic,M,Shrewsbury  Massachusetts  US,1000 West Alley,Boston,Massachusetts,Suffolk County,25025,02136,42.32821646037465,-71.02960050972094,13399.64,0.00,161823
7ae685b1-5106-f6d9-8d72-d3f491d84aa2,1957-11-07,,999-87-3594,S99949154,X26226895X,Mrs.,Alva958,,Konopelski743,,O'Keefe54,M,white,nonhispanic,F,Holden  Massachusetts  US,938 Hayes Well Unit 2,Southwick,Massachusetts,Hampden County,,00000,42.00580582116625,-72.73886996516293,1214917.29,409631.51,44729
7137d1ba-1fc0-45f4-0ed5-e4446f4109d2,2007-12-15,,999-16-6794,S99976769,,Mr.,Marcus77,Quinton758,Wolff180,,,,white,nonhispanic,M,Billerica  Massachusetts  US,343 Wisoky Brook Apt 34,Billerica,Massachusetts,Middlesex County,,00000,42.516250052020894,-71.26995361144488,65918.39,34081.32,145026
9a3db830-3fde-14fa-032b-6004d95322c5,1959-01-24,,999-22-2580,S99961113,X31863326X,Mr.,Jere230,Reggie481,Gulgowski816,,,S,white,nonhispanic,M,Somerset  Massachusetts  US,992 Hoppe Divide Unit 30,Easton,Massachusetts,Bristol County,,00000,42.01215256390441,-71.08227772157332,102157.45,195056.97,209285
36bb9e83-d099-6631-103a-895d2a0ffacb,1983-10-16,,999-22-9511,S99999726,X21393401X,Mr.,Elisha578,Denny560,Carter549,,,S,white,nonhispanic,M,Worcester  Massachusetts  US,232 Kassulke Wynd Suite 55,Medford,Massachusetts,Middlesex County,25017,02155,42.37723718948557,-71.13918972428395,101304.72,14212.29,43894
14baf9b9-a9b0-5b4a-f291-16113b4ba4da,1965-10-21,,999-25-4409,S99979958,X58463776X,Mrs.,Kathrine376,Many655,Streich926,,Ankunding277,M,white,nonhispanic,F,Hanover  Massachusetts  US,985 Kub Skyway Apt 6,New Bedford,Massachusetts,Bristol County,25005,02746,41.5826432328238,-70.93665277596189,23601.25,921926.58,12508
5f6af3ee-266a-eed1-ab8a-af539cb20bc3,2007-09-30,,999-38-1339,S99998203,,Ms.,Evette961,,Powlowski563,,,,white,nonhispanic,F,New Bedford  Massachusetts  US,956 Stanton Stravenue,Dedham,Massachusetts,Norfolk County,25021,02026,42.2637282341861,-71.20114081666073,54470.89,19667.86,188449
4f84ed2a-7d11-bdb8-d0bc-312ffe7a7696,1998-09-27,,999-38-6899,S99950305,X23795360X,Ms.,Cherly215,Brian582,Spinka232,,,,white,nonhispanic,F,Boston  Massachusetts  US,752 Lemke Underpass,Falmouth,Massachusetts,Barnstable County,25001,02540,41.53679800542233,-70.62682199692188,76695.43,272492.55,110844
043d76d5-5759-8818-b770-98b58ec310f4,1968-04-13,,999-33-9933,S99925207,X50259014X,Ms.,Dominque770,Winter723,Gutmann970,,,S,white,nonhispanic,F,Boston  Massachusetts  US,413 Hoeger Mews,Burlington,Massachusetts,Middlesex County,25017,01730,42.514081966177415,-71.281819356086,973433.54,100282.04,109096
a2fb2a7b-dfd3-3ccb-b498-539208e5cd12,1943-11-13,,999-65-9057,S99931288,X53597287X,Mr.,Sammie902,Lindsay928,Yundt842,,,M,white,nonhispanic,M,Billerica  Massachusetts  US,552 Windler Loaf,Westminster,Massachusetts,Worcester County,,00000,42.602244918023494,-71.94179815367693,213250.11,77467.86,75303
5863e569-7062-5c3f-22b7-d76100639c87,1998-10-22,,999-23-8260,S99954978,X5074888X,Mr.,Gerardo48,,Morales679,,,,white,hispanic,M,Panama City  Panama  PA,527 Torp Green,Taunton,Massachusetts,Bristol County,25005,02718,41.863626569531135,-71.08237926634368,72866.05,5167.12,181763
a15b35c2-86bb-0156-065e-566150825b7e,1975-09-04,,999-92-6356,S99949041,X70481272X,Mr.,Marlon619,Santiago500,Schultz619,,,M,white,nonhispanic,M,Boston  Massachusetts  US,860 Lehner Path Unit 59,North Adams,Massachusetts,Berkshire County,25003,01247,42.660669058540044,-73.09022245966216,85436.73,127369.22,24393
1e55e2f2-9d2c-fe35-46da-8dce722828ae,1924-06-13,1991-09-30,999-56-7699,S99931502,X10705417X,Ms.,Suellen60,Keli839,Ward668,,,S,white,nonhispanic,F,Needham  Massachusetts  US,535 Rolfson Club,Brewster,Massachusetts,Barnstable County,25001,02631,41.74421268338283,-70.05532385203342,1058430.12,269932.54,77688
036c5bfd-e7bd-83f8-4f08-07a1e9b77598,1959-02-12,2023-10-04,999-78-2035,S99937245,X76310561X,Mr.,Garret233,Hugo693,Jakubowski832,,,M,white,nonhispanic,M,Plymouth  Massachusetts  US,712 Bernhard Dale Suite 48,Salem,Massachusetts,Essex County,25009,01907,42.46071433221374,-70.89180452130091,241104.19,126731.84,71678
b9d6a3a6-85a2-998e-e313-5d141fbd6d79,1979-06-09,,999-12-5035,S99993166,X52116862X,Mr.,Nathanael908,Len277,Wuckert783,,,M,white,nonhispanic,M,Canton  Massachusetts  US,861 Dicki Estate,Kingston,Massachusetts,Plymouth County,25023,02364,41.99808049594171,-70.7298996229066,356903.58,333726.35,82309
1ce07d4d-bbbd-fb4e-9563-7b91b66eddbd,1987-02-20,,999-25-2012,S99939734,X25478263X,Mr.,Lucas404,Salvador46,Waelchi213,,,M,white,nonhispanic,M,Boston  Massachusetts  US,119 Reinger Viaduct Unit 38,Haverhill,Massachusetts,Essex County,25009,01832,42.756683335793966,-71.14256926358274,68208.96,8165.84,84952
3425cf29-b3c7-7652-839e-0c410b7d2a34,1959-02-12,,999-64-2913,S99951315,X72153326X,Mr.,Carmine137,Marcel580,Casper496,,,D,white,nonhispanic,M,Littleton  Massachusetts  US,351 Fadel Gate Apt 78,Salem,Massachusetts,Essex County,25009,01907,42.53981920096578,-70.85931845193711,607318.69,382008.14,71678
539be273-c2b2-b2b4-f392-c0dbe0e5a459,1924-06-13,2005-12-27,999-93-2423,S99939813,X85737348X,Mrs.,Merna69,Bunny174,Kuphal363,,Kunze215,D,white,nonhispanic,F,Boston  Massachusetts  US,687 Lubowitz Arcade Unit 17,Brewster,Massachusetts,Barnstable County,25001,02631,41.699272814802875,-70.03949015605585,1107159.25,574181.80,77688
3dd28e0f-f36d-cae8-58f4-9bdb9dc608e0,1968-07-08,,999-18-7850,S99996321,X47718660X,Mr.,Chang901,Alvaro283,Block661,,,M,asian,nonhispanic,M,Hopkinton  Massachusetts  US,1017 Kunde Center,Needham,Massachusetts,Norfolk County,25021,02494,42.26653810503264,-71.19536586769634,129840.81,39840.64,140796
4165007d-348d-2e67-c03f-d550b3a1cb52,1992-02-28,,999-31-9091,S99980441,X59960472X,Mr.,Marco578,Jared66,Lueilwitz711,,,M,white,nonhispanic,M,Boston  Massachusetts  US,199 Cronin Path,Arlington,Massachusetts,Middlesex County,25017,02474,42.41740274597659,-71.17914392776798,64742.98,31020.30,34496
2ad249ad-4097-459b-bfba-a79e95ac0295,2019-02-23,,999-67-3425,,,,Blair400,Luciano237,Harber290,,,,white,nonhispanic,M,Warren  Massachusetts  US,692 Reynolds Fort,Belmont,Massachusetts,Middlesex County,25017,02138,42.38517519908534,-71.19424114103273,1188.48,19743.40,23122
54553d15-98f0-5cd7-d80f-2098505dd5c9,1926-01-03,,999-14-8756,S99958316,X12208232X,Mr.,David908,Patricio639,Caraballo427,,,S,asian,hispanic,M,Bogota  Bogota  CO,211 Halvorson Frontage road,Shirley,Massachusetts,Middlesex County,25017,01464,42.563213745632005,-71.6836173836409,510970.46,1654420.22,38750
47d81ba8-6791-44d6-9c4f-0aecc3cea00e,1957-07-20,,999-34-2356,S99989578,X2286337X,Mr.,Alvin56,Lindsey52,Hoppe518,,,M,white,nonhispanic,M,Marshfield  Massachusetts  US,473 Haag Gate Suite 43,Boston,Massachusetts,Suffolk County,25025,02135,42.361716810716004,-71.05493298835788,14596.57,336016.87,10096
f2b67a10-4d7e-f630-7e0a-3af1040b627b,1924-06-13,2010-07-29,999-81-5148,S99937350,X10039219X,Mrs.,Mary779,Leeanne840,Goodwin327,,Conroy74,M,white,nonhispanic,F,Quincy  Massachusetts  US,746 Shields Village Apt 45,Brewster,Massachusetts,Barnstable County,25001,02631,41.758634580499056,-70.09883736214398,845690.79,894685.02,77688
513ce6b7-4b81-b9fa-3451-bfb8b240f284,1924-06-13,2009-09-02,999-12-8927,S99948021,X57754108X,Mrs.,Carissa540,Colleen54,Schmeler639,,Ferry570,D,white,nonhispanic,F,Needham  Massachusetts  US,757 Rempel Well Suite 86,Brewster,Massachusetts,Barnstable County,25001,02631,41.751086496886,-70.06768068472134,506527.78,292635.00,77688
bafc7a87-d62c-78d2-1697-e9f65f103984,1924-06-13,1929-02-26,999-71-9883,,,,Anastacia583,Idella49,Roob72,,,,white,nonhispanic,F,Westfield  Massachusetts  US,453 Botsford Light,Brewster,Massachusetts,Barnstable County,25001,02631,41.71526682180254,-70.10691116711037,247873.63,159749.34,77688
76fd9e75-e886-c24a-b596-eb2e4a64a21b,1924-06-13,,999-45-1082,S99949336,X5348467X,Mrs.,Pearly845,Margherita470,Nikolaus26,,Morissette863,M,white,nonhispanic,F,Plymouth  Massachusetts  US,155 McDermott Camp,Brewster,Massachusetts,Barnstable County,25001,02631,41.77366008375365,-70.09667077955278,1222527.40,477745.51,77688
